Time,Time Code,Country Name,Country Code,Access to electricity (% of population) [EG.ELC.ACCS.ZS],GDP (current US$) [NY.GDP.MKTP.CD],GDP per capita (current US$) [NY.GDP.PCAP.CD],"Educational attainment, at least Bachelor's or equivalent, population 25+, total (%) (cumulative) [SE.TER.CUAT.BA.ZS]","Educational attainment, at least completed lower secondary, population 25+, total (%) (cumulative) [SE.SEC.CUAT.LO.ZS]","Educational attainment, at least completed primary, population 25+ years, total (%) (cumulative) [SE.PRM.CUAT.ZS]",Urban population (% of total population) [SP.URB.TOTL.IN.ZS],Urban population growth (annual %) [SP.URB.GROW],Population in the largest city (% of urban population) [EN.URB.LCTY.UR.ZS],Population in urban agglomerations of more than 1 million (% of total population) [EN.URB.MCTY.TL.ZS],Urban population [SP.URB.TOTL],Population density (people per sq. km of land area) [EN.POP.DNST],Population growth (annual %) [SP.POP.GROW],CO2 emissions (kt) [EN.ATM.CO2E.KT],CO2 emissions (metric tons per capita) [EN.ATM.CO2E.PC]
2019,YR2019,Afghanistan,AFG,97.6999969482422,18904490262.913,500.522664145294,..,..,..,25.754,3.9192869845162,42.2942695383656,10.8924664317099,9727157,57.9082516903546,2.90852909268743,6079.99992370605,0.160976451493467
2019,YR2019,Albania,ALB,100,15401830754.0773,5396.21586434732,..,..,..,61.229,1.07141354924368,27.7309419298429,..,1747593,104.167554744526,-0.426007367032238,4829.99992370605,1.69224831964856
2019,YR2019,Algeria,DZA,99.5,171767403748.19,4022.15018374716,..,..,..,73.189,2.60752982388108,8.73226623604987,6.39105837935877,31255632,17.9303156808402,1.83944488568624,171250,4.01003452306043
2019,YR2019,American Samoa,ASM,..,647000000,13672.576657298,..,..,..,87.147,-2.31068980104363,..,..,41239,236.605,-2.30413869890523,..,..
2019,YR2019,Andorra,AND,100,3155065487.51819,41327.5020305489,..,..,..,87.984,1.66935752815567,..,..,67170,162.431914893617,1.75749125736997,500,6.54938894201171
2019,YR2019,Angola,AGO,45.6427993774414,69309110145.7687,2142.23875712854,..,..,..,66.177,4.40219114365749,37.57354873284,24.8650474253427,21410634,25.9513820486083,3.39527779197097,25209.9990844727,0.77920257513549
2019,YR2019,Antigua and Barbuda,ATG,100,1687533333.33333,18319.4560540762,..,..,..,24.506,0.15516594783013,..,..,22574,209.356818181818,0.534443400511753,519.999980926514,5.64499474501464
2019,YR2019,Argentina,ARG,100,447754609218.678,9963.6725062053,..,..,..,91.991,1.12501972603644,36.4233895896017,42.9040289361208,41339571,16.4208266190179,0.993397493293046,168100.006103516,3.74065029063396
2019,YR2019,Armenia,ARM,100,13619291361.2814,4828.50517771789,..,..,..,63.219,-0.453277999510481,60.7531253575122,38.4075101698148,1783156,99.0727783631893,-0.564065542556681,6170.00007629395,2.1874763175712
2019,YR2019,Aruba,ABW,100,3368970253.05286,31650.7605367511,..,..,..,43.546,0.762320962979713,..,..,46351,591.344444444444,0.451969658863314,..,..
2019,YR2019,Australia,AUS,100,1392227864397.08,54941.4341793948,33.0947799682617,93.9455032348633,..,86.124,1.61533578272113,22.3166523765937,60.9572088510529,21824008,3.29435141874306,1.48520844681971,386529.998779297,15.2536183403361
2019,YR2019,Austria,AUT,100,444621176100.548,50070.4033482901,15.3636302947998,..,..,58.515,0.81791060733558,36.8611752887029,21.5693159397832,5196085,107.609306834707,0.444673639004876,64769.9966430664,7.2939842524557
2019,YR2019,Azerbaijan,AZE,100,48174235294.1176,4805.75371765917,15.7220296859741,95.5190582275391,98.5110015869141,56.031,1.47506479033467,41.1831774709233,23.0753461369756,5616706,121.280071139933,0.846646726414021,35509.9983215332,3.54239782750878
2019,YR2019,"Bahamas, The",BHS,100,13192800000,32610.4850490784,..,..,..,83.132,0.78627505458247,..,..,336316,40.4152847152847,0.657441084996389,2839.99991416931,7.02002416017844
2019,YR2019,Bahrain,BHR,100,38653318085.1064,25869.1129129041,..,..,..,89.394,0.579117627550925,44.9522128240027,..,1335714,1908.28607918263,0.459362584678761,33259.9983215332,22.2595806695899
2019,YR2019,Bangladesh,BGD,92.1999969482422,351238474244.667,2122.07885124799,9.76054954528809,44.6835517883301,61.0552597045898,37.405,3.20139457166867,32.7622548908364,15.2239971982927,61911343,1271.53892601982,1.1131724900167,90739.9978637695,0.548224196802713
2019,YR2019,Barbados,BRB,100,5324250000,19002.9623813263,..,..,..,31.158,0.210994734607846,..,..,87298,651.581395348837,0.175755759089405,1250,4.46141766007567
2019,YR2019,Belarus,BLR,100,64409647193.8044,6837.71782606351,28.303539276123,98.1666870117188,99.7885513305664,79.044,0.36787841302964,27.0849265232238,21.4090107198083,7445754,46.4107506220284,-0.201786600970723,57669.9981689453,6.12223776544422
2019,YR2019,Belgium,BEL,100,535830876745.097,46638.6813054855,35.3040084838867,88.4269638061523,96.7423629760742,98.041,0.581271660540823,18.3354076572516,27.0049647575329,11263911,379.424702774108,0.540461327098122,93010.0021362305,8.09558395403513
2019,YR2019,Belize,BLZ,92.7200012207031,2416500000,6210.56554311929,..,..,..,45.866,2.13283729183047,..,..,178462,17.0580885576502,1.82301611890652,639.999985694885,1.64484248241402
2019,YR2019,Benin,BEN,40.3286895751953,14391686309.033,1170.96553298099,..,..,..,47.861,4.04076753423389,16.8470685675691,..,5882329,108.996488116353,2.88707408493347,7300.00019073486,0.593957402249655
2019,YR2019,Bermuda,BMU,100,7423465000,116153.166121638,..,..,..,100,-0.0109521313739413,..,..,63911,1183.53703703704,-0.0109521313739413,..,..
2019,YR2019,Bhutan,BTN,100,2535657069.05537,3303.96421053812,..,..,..,41.612,2.43936953003751,..,..,319355,20.1221552176193,0.701252583573764,1049.99995231628,1.36815120067167
2019,YR2019,Bolivia,BOL,95.0800018310547,40895322843.7851,3472.38083075685,24.6986598968506,..,..,69.773,1.957510150086,22.335022353824,40.6112598669561,8217386,10.8717022062217,1.45750439141779,22340.0001525879,1.89686699834282
2019,YR2019,Bosnia and Herzegovina,BIH,100,20202479537.5193,6011.37067052755,..,..,..,48.626,-0.379470010298639,20.9734062180459,..,1634179,65.63888671875,-1.16608133465016,21069.9996948242,6.26950657013477
2019,YR2019,Botswana,BWA,69.9597396850586,16695928792.5697,6679.16767381458,..,..,..,70.172,2.99088168271581,..,..,1754091,4.41074585781589,1.95085634796209,7250,2.90034572120997
2019,YR2019,Brazil,BRA,99.8000030517578,1873274432754.47,8845.25911841876,..,..,..,86.824,1.06023755345792,11.8809555877824,41.9587621242922,183878366,25.3385176606278,0.766107802084815,434299.987792969,2.05068507848387
2019,YR2019,British Virgin Islands,VGB,100,..,..,..,..,..,48.116,1.71892607588702,..,..,14728,204.066666666667,0.902459156305993,..,..
2019,YR2019,Brunei Darussalam,BRN,100,13469422958.5105,30748.7374865551,..,..,..,77.942,1.2674328820787,..,..,341423,83.1210626185958,0.865282211615446,6989.99977111816,15.9571548577283
2019,YR2019,Bulgaria,BGR,100,68915875214.6537,9879.33434282707,..,..,..,75.347,-0.252969936337171,24.2947191861838,18.3053433166647,5256027,64.2571941783346,-0.703905641117455,39139.9993896484,5.61085727989368
2019,YR2019,Burkina Faso,BFA,18.3748550415039,16178162030.0694,772.166894917835,..,..,..,29.98,4.80040438074702,42.232015310204,12.6611574397592,6281301,76.5776279239766,2.70387556725288,5000,0.238644814374665
2019,YR2019,Burundi,BDI,11.3565282821655,2576518846.39,216.972968085123,..,..,..,13.366,5.79490607932596,60.1329014592447,..,1587191,462.415809968847,3.26424857025887,720.000028610229,0.0606324085103501
2019,YR2019,Cabo Verde,CPV,91.4000015258789,1981845740.70615,3434.56274492859,..,..,..,66.195,1.71717136911241,..,..,381965,143.183622828784,1.01513458042928,649.999976158142,1.12645785515162
2019,YR2019,Cambodia,KHM,84,27089389786.979,1671.38538492515,..,..,..,23.805,2.89969209242329,52.2001661891622,12.4262497697089,3858254,91.8181849082257,1.13244216195679,16180.0003051758,0.99828812132025
2019,YR2019,Cameroon,CMR,63.4898796081543,39670977332.7348,1538.68794663506,..,..,..,56.968,3.82304687846584,26.0246952480731,28.5410234858037,14687684,54.5415603647056,2.7748797807221,9430.00030517578,0.36575423097444
2019,YR2019,Canada,CAN,100,1742015045482.31,46328.6718408497,..,..,..,81.482,1.52330833127913,20.0383742744441,45.7730877420765,30638234,4.19394931064213,1.43613682316886,580210.021972656,15.4306128276297
2019,YR2019,Cayman Islands,CYM,100,5943589103.56414,89871.9131394463,..,..,..,100,1.90819265891466,..,..,66134,275.558333333333,1.90819265891466,..,..
2019,YR2019,Central African Republic,CAF,14.3000001907349,2221301400.72468,426.408762581226,..,..,..,41.77,3.20011244517151,39.9643831272533,..,2175935,8.36194420366625,2.22336107125156,239.999994635582,0.0460712358524027
2019,YR2019,Chad,TCD,8.39999961853027,11314951342.7807,701.621216594764,..,..,..,23.279,4.24412488015106,36.5333190558879,8.50459103461268,3754173,12.8072315756036,3.29458272753979,2250,0.139518738482728
2019,YR2019,Channel Islands,CHI,100,..,..,..,..,..,30.931,1.33327623877686,..,..,52400,..,1.27783031331199,..,..
2019,YR2019,Chile,CHL,100,278584733103.01,14631.9468779229,..,..,..,87.643,1.88157002434462,40.2924807044812,35.3135392054985,16686776,25.6068131566631,1.7913919716665,91370.002746582,4.79897448626273
2019,YR2019,China,CHN,100,14279937500606.5,10143.8381955585,..,..,..,60.308,2.29017723362897,3.09983927767305,28.3415047469535,848982855,149.367573167744,0.354740890170827,10707219.7265625,7.60593696057347
2019,YR2019,Colombia,COL,99.7559204101563,323109540251.855,6438.06018290435,12.0679597854614,55.8196296691895,79.9153823852539,81.104,2.23350946308688,26.4823545325798,44.0635286071569,40703994,45.2342550698513,1.83074694246543,81040.0009155273,1.61474774997391
2019,YR2019,Comoros,COM,84.2977752685547,1195019559.09381,1510.79735809965,..,..,..,29.164,2.55709345911319,..,..,230683,425.032778076303,1.87244791212477,319.999992847443,0.404558352293774
2019,YR2019,"Congo, Dem. Rep.",COD,19.1000003814697,51775830725.8441,575.882790805511,..,..,..,45.046,4.4957174248484,33.9344738885148,23.5151310427933,40499458,39.658097527624,3.18628838899818,3210.00003814697,0.035703604452862
2019,YR2019,"Congo, Rep.",COG,48.4074745178223,12750339022.9915,2288.80813763495,..,..,..,67.373,3.03586515001206,61.4967081160726,62.5337635101162,3753170,16.312541727672,2.355238072353,7260.00022888184,1.30323966861845
2019,YR2019,Costa Rica,CRI,99.7099990844727,64417670082.6127,12669.341068679,..,..,..,80.076,1.7885179241658,33.8585137136527,27.1125444780365,4071490,99.57955346651,0.865128346659953,8239.99977111816,1.62060141840353
2019,YR2019,Cote d'Ivoire,CIV,68.4595565795898,58539424929.7248,2238.81100489009,..,..,..,51.239,3.43309904734138,37.7567297897318,19.3461712724071,13397744,82.2250031446541,2.53128744560298,10829.9999237061,0.414187926192633
2019,YR2019,Croatia,HRV,100,62327983579.5899,15331.8830536722,..,..,..,57.242,-0.037465606839713,29.4466513567497,..,2327032,72.6405010363805,-0.554146739042888,16520.0004577637,4.06370783264011
2019,YR2019,Cuba,CUB,99.8000030517578,103428000000,9139.41585605765,..,..,..,77.109,-0.00856006868288057,24.5057523373311,18.8961408085769,8726192,109.024055876686,-0.101983052203958,25909.9998474121,2.28953729585692
2019,YR2019,Curacao,CUW,100,2995185474.86034,19024.1771511889,..,..,..,89.098,-1.24896688314182,..,..,140277,354.596846846847,-1.19643951751799,..,..
2019,YR2019,Cyprus,CYP,100,25944504645.6957,29417.138671875,..,..,..,66.805,0.810045861005487,..,..,820924,132.990909090909,0.817517719721429,7190.00005722046,5.85106560779507
2019,YR2019,Czechia,CZE,100,252548179964.897,23664.8478631108,20.9109001159668,99.8096313476563,99.8614807128906,73.921,0.568457638590162,16.4639962741893,12.1703506508231,7888753,138.226810266108,0.393788864202175,96290.0009155273,9.02278615795801
2019,YR2019,Denmark,DNK,100,346498737961.635,59592.9806886454,..,..,..,87.994,0.494581334948344,26.0711265978701,22.9410249204478,5116342,145.36055,0.358130915892652,29700.0007629395,5.10798850907958
2019,YR2019,Djibouti,DJI,61.2119293212891,3088853638.56832,2876.04366371536,..,..,..,77.915,1.753448510633,67.9735469083487,..,836802,46.3327868852459,1.57623975223144,419.999986886978,0.391063625017438
2019,YR2019,Dominica,DMA,100,611537037.037037,8561.58701121461,..,..,..,70.786,1.27988689680026,..,..,50561,95.2373333333333,0.850614263332306,170.000001788139,2.38001906518647
2019,YR2019,Dominican Republic,DOM,99,88941299733.5018,8173.33800656006,..,..,..,81.828,2.00068230103502,36.4427869915478,29.8204023899542,8904426,225.251128130822,1.07497482890671,27229.9995422363,2.50232446393338
2019,YR2019,Ecuador,ECU,99.0899963378906,108108009000,6233.25816692363,..,..,..,63.986,2.16788118361711,26.5477877354176,27.6405550359957,11097565,69.8330649057819,1.90968326333656,39290.0009155273,2.26537072831623
2019,YR2019,"Egypt, Arab Rep.",EGY,100,303080865603.645,2869.57658843903,..,..,..,42.73,1.85486820738962,45.3901519000592,24.3019674049866,45130858,106.101432517957,1.79400212546566,249369.995117188,2.36104083450537
2019,YR2019,El Salvador,SLV,97.3600006103516,26881140000,4280.28840404719,8.33701992034912,46.5443992614746,61.5461807250977,72.746,1.0605646741483,24.201293742272,17.6054744605163,4568607,303.099276061776,0.0617207329334854,7800.00019073486,1.2419953308516
2019,YR2019,Equatorial Guinea,GNQ,66.6000442504883,11364133801.8914,7317.39018853546,..,..,..,72.627,4.00365647007894,35.0559436839492,..,1127920,55.3665240641711,3.33503679402461,5349.99990463257,3.44487644137984
2019,YR2019,Eritrea,ERI,50.9369926452637,..,..,..,..,..,40.712,3.10382465039888,65.2016688675331,..,1424439,28.8966156462492,1.53927354632927,879.999995231628,0.251513509771479
2019,YR2019,Estonia,EST,100,31081901909.2156,23424.4847073518,..,..,..,69.051,0.619441069729559,48.1667387005095,..,916236,31.0385497076023,0.371554389037477,10180.0003051758,7.67202927819305
2019,YR2019,Eswatini,SWZ,76.8694381713867,4495264160.86577,3843.3773913814,..,..,..,23.981,1.55036294653323,..,..,280485,68.0007558139535,0.788402227821078,959.999978542328,0.820784292361942
2019,YR2019,Ethiopia,ETH,48.063591003418,95912590628.1412,840.449451464836,..,..,..,21.225,4.85672830311995,18.9578267710606,4.02379871944936,24222096,101.119564793866,2.656010133459,18360.0006103516,0.160882448704671
2019,YR2019,Faroe Islands,FRO,100,3275706960.14634,63383.196148417,..,..,..,42.225,1.79401889421017,..,..,21822,37.0207736389685,1.41473188516849,..,..
2019,YR2019,Fiji,FJI,99.7158813476563,5481675173.38011,5968.30055949885,..,..,..,56.75,0.830716449747723,..,..,521229,50.2717569786535,-0.0577971466911964,1629.99999523163,1.7747001739115
2019,YR2019,Finland,FIN,100,268514916972.549,48629.8582283032,25.9350891113281,..,..,85.446,0.185101615266816,27.3894545368993,23.4031910281175,4717991,18.1673609054717,0.110191690491055,40709.9990844727,7.37285476082008
2019,YR2019,France,FRA,100,2728870246705.88,40494.8982936276,19.7005405426025,85.5956573486328,97.6722869873047,80.709,0.670255810752097,20.1481031301984,22.741165745516,54388182,123.070294051578,0.341374143157509,300519.989013672,4.45954746474334
2019,YR2019,French Polynesia,PYF,100,6001384759.57628,20023.5047046924,..,..,..,61.897,0.808581601812801,..,..,185516,86.348890809565,0.706823205794027,..,..
2019,YR2019,Gabon,GAB,90.7262954711914,16874405460.1955,7523.8622784598,..,..,..,89.741,2.70414611374572,40.9336124942739,..,2012698,8.70409826522296,2.28985536531904,5250,2.34083962573318
2019,YR2019,"Gambia, The",GMB,62.0999984741211,1813608279.65044,722.874793145171,..,..,..,61.931,3.65572123165183,28.5387340260115,..,1553776,247.913339920949,2.58268676641821,579.999983310699,0.231178569630668
2019,YR2019,Georgia,GEO,100,17470436258.5131,4696.15058555612,33.6676902770996,97.6632919311523,99.186897277832,59.039,0.520212544414782,49.051743213501,28.9596606168389,2196346,65.0855698239966,-0.171565740223868,10109.9996566772,2.71762422558518
2019,YR2019,Germany,DEU,100,3888226035921.56,46793.6867616004,..,..,..,77.376,0.30826693577482,5.5320736721819,9.60016324848307,64294010,237.822954291766,0.22551987421288,657400.024414063,7.91162101567715
2019,YR2019,Ghana,GHA,83.5,68337537815.7703,2167.91158941087,..,..,..,56.707,3.23644464618774,17.9330021322665,18.0215142998811,17875345,138.535158653424,2.08893118401294,20040.0009155273,0.635740643066456
2019,YR2019,Gibraltar,GIB,100,..,..,..,..,..,100,0.113265896118834,..,..,32685,3268.5,0.113265896118834,..,..
2019,YR2019,Greece,GRC,100,205257014892.502,19144.284387556,..,..,..,79.388,0.311210821229905,37.0568808632874,29.4187182451246,8511650,83.1775174553918,-0.105339392724138,60000,5.59618906985928
2019,YR2019,Greenland,GRL,100,2994332323.74726,53256.2440862119,10.4404096603394,100,100,87.052,0.631266058920437,..,..,48945,0.136983798270191,0.359917714454119,..,..
2019,YR2019,Grenada,GRD,93.120964050293,1213485185.18519,9887.92074235834,..,..,..,36.396,1.06685684406121,..,..,44667,360.952941176471,0.724563813014991,330.000013113022,2.68896070135444
2019,YR2019,Guam,GUM,100,6366000000,37752.633077142,..,..,..,94.859,0.0512775628129774,..,..,159955,312.266666666667,-0.0320187846270383,..,..
2019,YR2019,Guatemala,GTM,95.7420043945313,77170421167.5134,4647.69334663252,4.32202005386353,32.2936897277832,50.8050003051758,51.439,2.3116594096001,33.8514063724799,17.4128250582118,8540945,154.946117954461,1.56038604781094,19309.9994659424,1.16297092439764
2019,YR2019,Guinea,GIN,42.2000007629395,13442861443.7506,1043.8998820932,..,..,..,36.5,3.52884694344595,40.1938641389426,14.6707612378421,4700302,52.4073701774377,2.5376470778001,3950.00004768372,0.306735630750854
2019,YR2019,Guinea-Bissau,GNB,30.9615573883057,1439638443.38133,730.611448705215,..,..,..,43.777,3.29347428824414,67.1022841224335,..,862607,70.0731507823613,2.33629046990663,330.000013113022,0.167473846479787
2019,YR2019,Guyana,GUY,91.9157562255859,5173760191.84652,6477.29672607993,..,..,..,26.689,1.98266449596713,..,..,213179,4.05767335534671,1.67134809737405,2849.99990463257,3.56806159680473
2019,YR2019,Haiti,HTI,45.990234375,14785839382.9002,1324.84400548618,..,..,..,56.192,2.97507466071833,43.1202245540897,24.2301153413513,6271273,404.950580551524,1.33513859245585,3319.9999332428,0.297479358179563
2019,YR2019,Honduras,HND,91.0999984741211,25089976946.7736,2519.37019370185,9.63498973846436,40.2659187316895,67.8238983154297,57.73,2.78498123315846,24.4060771943105,14.0896284091232,5749232,89.0055322191438,1.68069668453135,10220.0002670288,1.02622509805408
2019,YR2019,"Hong Kong SAR, China",HKG,100,363052489184.395,48356.0635043614,..,79.8697662353516,95.7155609130859,100,0.739283471323064,99.7719202440096,99.7719202440096,7507900,7150.38095238095,0.739283471323064,..,..
2019,YR2019,Hungary,HUN,100,163988594921.902,16782.9524639857,..,..,..,71.644,0.364540979606319,25.1971877180221,18.0522725032829,7000436,107.069263642341,-0.0452557101106228,46380.0010681152,4.74663102989868
2019,YR2019,Iceland,ISL,100,24826102119.6357,68853.71521658,36.142879486084,99.2928466796875,..,93.855,2.24361872841293,..,..,338406,3.5759496181692,2.19893225826166,1639.99998569489,4.54844225751086
2019,YR2019,India,IND,97.3082656860352,2831552222519.99,2047.23270433512,..,..,..,34.472,2.31580198477658,6.16610328299097,15.4853278156314,476786386,465.194639427685,1.02531077187097,2456300.04882813,1.77592267295201
2019,YR2019,Indonesia,IDN,98.8499984741211,1119099868265.25,4151.22754296453,..,..,..,55.985,2.12358021200536,7.04894506759983,13.5515891331941,150925974,143.584633764026,0.937689273635294,619840.026855469,2.2992559151159
2019,YR2019,"Iran, Islamic Rep.",IRN,100,283746685180.338,3277.875595507,..,..,..,75.391,1.7556649983965,13.8115837091259,24.8954111539086,65261618,53.3523587057011,1.0995932626289,630010.009765625,7.27795087587852
2019,YR2019,Iraq,IRQ,99.9920043945313,233636097800.338,5621.18169491752,..,..,..,70.678,2.65885876706813,23.7417486532069,23.7640628127743,29376265,95.7402425091217,2.36838831392184,174559.997558594,4.19983672120634
2019,YR2019,Ireland,IRL,100,399321701632.431,80927.0746710666,..,..,..,63.405,1.73892417508637,38.8243627058337,24.6165849941431,3128618,71.6263608651473,1.36762695363797,35750,7.24514322077522
2019,YR2019,Isle of Man,IMN,100,7315388052.08067,87157.4714603395,..,..,..,52.735,0.466496917003987,..,..,44262,147.250877192982,0.188422790499936,..,..
2019,YR2019,Israel,ISR,100,402470513619.148,44452.2325623093,..,..,..,92.501,1.99875843898331,48.9187217113325,57.85075104926,8375041,418.391866913124,1.90898263957994,62650.0015258789,6.91959371834315
2019,YR2019,Italy,ITA,100,2011302198827.45,33673.7509627421,..,..,..,70.736,-0.730852392108029,10.0213555216605,19.0043389416958,42249963,201.980545589195,-1.15302842389952,317239.990234375,5.31131544170879
2019,YR2019,Jamaica,JAM,99.3676223754883,15830768549.8916,5626.17117652759,..,..,..,55.985,0.625966781060589,37.4438119687093,..,1575291,259.812834718375,0.0688992221522009,8390.00034332275,2.98176162161011
2019,YR2019,Japan,JPN,100,5123318151510.62,40458.0018755824,..,..,..,91.698,-0.0510014914514158,32.2383863345144,64.5301888133425,116119928,347.415637860082,-0.140464977878172,1081569.94628906,8.54098020491546
2019,YR2019,Jordan,JOR,100,44993992365.1297,4205.56365350106,..,..,..,91.203,2.50341485571992,21.6090666480827,19.7081173449106,9757520,120.488805549925,2.25750975365016,24629.9991607666,2.30215243883444
2019,YR2019,Kazakhstan,KAZ,100,181667190075.541,9812.5958082732,..,..,..,57.54,1.48443981983212,17.4866210816401,16.0985343102906,10652767,6.85767789013594,1.28960848954226,212110.000610352,11.4569378323984
2019,YR2019,Kenya,KEN,69.6999969482422,100379713697.421,1970.10514317888,..,..,..,27.507,3.72777071252016,32.5102468995303,11.4033889123862,14015215,89.5235794356397,1.97845694844255,22280.0006866455,0.43727903105104
2019,YR2019,Kiribati,KIR,90.0328521728516,177935349.322211,1432.17898537689,..,..,..,54.835,3.03557084610476,..,..,68128,153.383950617284,1.60651238884126,90.0000035762787,0.724398576768367
2019,YR2019,"Korea, Dem. People's Rep.",PRK,49.9720001220703,..,..,..,..,..,62.134,0.835379544940529,19.126949976398,11.8843393130019,16002886,213.897857320821,0.456446820087896,56040.0009155273,2.17585095574668
2019,YR2019,"Korea, Rep.",KOR,100,1651422932447.77,31902.4169048194,..,..,..,81.43,0.312269897922803,23.6343958704781,50.1573713515329,42152095,530.377274590164,0.347874968577526,610789.978027344,11.7993253802233
2019,YR2019,Kosovo,XKX,100,7899879086.43081,4416.10835754636,..,..,..,..,..,..,..,..,..,-0.457730006092952,..,..
2019,YR2019,Kuwait,KWT,100,136196760180.976,30667.3482202553,..,..,..,100,2.82985240186539,68.7328139424917,68.7328139424917,4441100,249.219977553311,2.82985240186539,92650.0015258789,20.8619489599151
2019,YR2019,Kyrgyz Republic,KGZ,99.8742370605469,8871026074.19762,1374.03210467421,..,..,..,36.591,2.74593080864618,43.0566867085339,..,2362388,33.6611053180396,2.08787614010317,10050.0001907349,1.55664325620875
2019,YR2019,Lao PDR,LAO,99.0920867919922,18740559554.1632,2598.50552320723,..,..,..,35.645,3.31005992428687,26.1816460344431,..,2570736,31.2480632582322,1.49540481526456,18709.9990844727,2.59426810708029
2019,YR2019,Latvia,LVA,100,34343961072.8235,17945.2222164984,30.9353103637695,..,100,68.222,-0.577885980172143,48.5444775314633,..,1305648,30.755491989008,-0.695239140136066,7570.00017166138,3.95543586167438
2019,YR2019,Lebanon,LBN,99.9748687744141,51953744530.2445,8985.57249887356,..,..,..,88.758,-2.69379833027295,46.9002251600526,41.6277017253996,5131905,565.191300097752,-2.87986589552119,27950.0007629395,4.83404536996868
2019,YR2019,Lesotho,LSO,44.5002098083496,2453980835.24819,1102.56486953249,..,..,..,28.585,2.77446532513445,..,..,636217,73.3103425559947,1.25167812193172,769.999980926514,0.345958255384824
2019,YR2019,Liberia,LBR,23.1000003814697,3319596500,665.878447568436,..,..,..,51.615,2.84540933936628,57.0126890819332,29.4271004148405,2573157,51.7575685215947,1.94236198013985,1179.99994754791,0.23669639765075
2019,YR2019,Libya,LBY,68.6424026489258,69252306372.0232,10542.1492864798,..,..,..,80.393,1.76213968464873,21.9825577575223,17.6724379396348,5281087,3.73341214180979,1.39951441440416,56799.9992370605,8.64655782310429
2019,YR2019,Liechtenstein,LIE,100,6427248943.44939,167019.618092859,..,..,..,14.371,1.01782049157561,..,..,5530,240.5125,0.78525898208049,150.000005960464,3.89792645809636
2019,YR2019,Lithuania,LTU,100,54751510087.7803,19595.1415724355,..,..,..,67.855,-0.00495778237441003,28.3530471602279,..,1895962,44.6205206004471,-0.264704354944785,11729.9995422363,4.19807602212644
2019,YR2019,Luxembourg,LUX,100,69825641851.0117,112621.821337404,..,..,..,91.223,2.22856573933619,..,..,565584,240.827591028798,1.9628449198635,9489.99977111816,15.3064265559542
2019,YR2019,"Macao SAR, China",MAC,100,55204758069.5124,83183.1666089243,..,..,..,100,1.92636052888412,96.7508622729047,..,663653,20171.8237082067,1.92636052888412,..,..
2019,YR2019,Madagascar,MDG,31.0400009155273,14104664514.8681,512.279659659088,..,..,..,37.861,4.31079477041505,30.7970783705796,11.6600819942982,10424320,47.3240529391543,2.52531662828285,4119.99988555908,0.149637883052437
2019,YR2019,Malawi,MWI,11.1999998092651,11025371147.1876,584.362867276266,..,..,..,17.174,4.07245795804194,33.166773447694,5.69606086963942,3240276,200.12024819686,2.68285756018368,1450.00004768372,0.0768523956339848
2019,YR2019,Malaysia,MYS,100,365175135787.568,11132.0239344924,12.3861103057861,76.7779769897461,94.3737335205078,76.607,1.9896693934595,30.9599940724649,23.7175230352865,25130176,99.8448333586973,1.24151463105699,253270.004272461,7.72070021517061
2019,YR2019,Maldives,MDV,100,5609400721.62268,11118.5565375032,..,..,..,40.238,4.04158863107441,..,..,203004,1681.69333333333,2.96723053964137,2109.99989509583,4.18229224332584
2019,YR2019,Mali,MLI,47.8362770080566,17280251193.9527,840.175765032737,..,..,..,43.136,4.95145558813573,28.5092229860265,12.2977384041871,8871964,16.8559191601308,3.12666991376831,5829.99992370605,0.283457953884067
2019,YR2019,Malta,MLT,100,15725847979.4022,31198.2414453028,..,..,..,94.678,4.00115780679613,..,..,477236,1575.19375,3.93135631850717,1659.9999666214,3.29324560594014
2019,YR2019,Marshall Islands,MHL,97.538200378418,232092300,5188.97111429082,..,..,..,77.417,-2.28122892581952,..,..,34627,248.488888888889,-2.78025337337267,180.000007152557,4.024324967639
2019,YR2019,Mauritania,MRT,45.8300323486328,8066126312.31807,1839.964449578,..,..,..,54.507,4.15842105201785,52.6876068474433,28.7184389790798,2389505,4.25327350344426,2.6146547551014,3950.00004768372,0.901034695237842
2019,YR2019,Mauritius,MUS,100,14436353897.9802,11405.7268191397,..,..,..,40.766,-0.0339102930676604,..,..,515980,623.502955665025,0.0322400432027594,4170.00007629395,3.29459100560393
2019,YR2019,Mexico,MEX,99.5999984741211,1269011767478.56,10145.1701829207,..,..,..,80.444,1.21892136003758,21.5375935361822,41.5796711733802,100623628,64.3459507703387,0.860265089734684,449269.989013672,3.59170861408077
2019,YR2019,"Micronesia, Fed. Sts.",FSM,81.2767333984375,412000000,3699.08151446862,..,..,..,22.812,0.885521282973254,..,..,25408,159.112857142857,0.404844283265269,180.000007152557,1.61610363850059
2019,YR2019,Moldova,MDA,100,11971345002.7757,4493.37030323867,20.0525398254395,96.9573364257813,99.4189605712891,42.726,-1.37309834532039,44.3059747908314,..,1138316,92.756093569939,-1.60031653578231,8859.99965667725,3.32554607145542
2019,YR2019,Monaco,MCO,100,7383745662.15157,199377.481831603,..,..,..,100,0.013502018572291,..,..,37034,18270.350271337,0.0135020185722688,..,..
2019,YR2019,Mongolia,MNG,97.2299118041992,14206359006.8095,4394.94714713374,..,..,..,68.543,2.28303638358528,70.07813670674,48.0336465136136,2215604,2.07571898811886,2.13999709629328,23069.9996948242,7.13704541005504
2019,YR2019,Montenegro,MNE,100,5542053845.29274,8909.65333601178,..,..,..,67.15,0.471071314508919,..,..,417692,46.2474349442379,-0.0319870125812963,2599.99990463257,4.17987599373753
2019,YR2019,Morocco,MAR,99.5999984741211,128919944681.869,3498.57397460938,..,..,..,62.994,1.90610808199994,16.2490518526363,21.8743079352788,22869599,81.3453013667936,1.04358412669917,71480.0033569336,1.96890700867326
2019,YR2019,Mozambique,MOZ,29.6744499206543,15390039241.674,508.163674567861,..,..,..,36.528,4.37592130542686,15.0843526575105,9.15634644127018,11062722,38.5126719906407,2.88656653514774,7500,0.247642484818277
2019,YR2019,Myanmar,MMR,68.358528137207,68697759361.231,1295.2014475589,9.34652996063232,42.6302795410156,63.474739074707,30.852,1.59680837351835,32.0459538965065,12.5372990590611,16363966,81.2627730963689,0.70799909760206,36720.0012207031,0.692304948191065
2019,YR2019,Namibia,NAM,55.1770896911621,12541928104.6242,5126.17614357634,..,..,..,51.042,3.68705282894688,33.4220573727435,..,1248816,2.97178879860074,1.68846817343864,4219.99979019165,1.72481153375467
2019,YR2019,Nauru,NRU,100,118724073.809183,9786.02652564979,..,..,..,100,1.72934140105096,..,..,12132,606.6,1.72934140105098,59.9999986588955,4.94559830686577
2019,YR2019,Nepal,NPL,89.9000015258789,34186190995.9565,1185.68267540752,..,..,..,20.153,3.20696476089714,23.682664806622,4.77276750510951,5810613,201.133561213812,1.13635160669166,13449.9998092651,0.466487528837777
2019,YR2019,Netherlands,NLD,100,910194347568.626,52476.2732533327,..,..,..,91.876,1.0760840670841,7.1558423009962,12.3898622728536,15935776,515.143272943273,0.65507157480522,146339.996337891,8.43707462722941
2019,YR2019,New Caledonia,NCL,100,9438130987.37298,34797.5186645024,..,..,..,71.104,0.615825063500159,..,..,192855,14.8375273522976,0.022123893895559,..,..
2019,YR2019,New Zealand,NZL,100,213434571357.984,42865.233643554,..,..,..,86.615,1.68010110761429,36.6827168102647,31.7727345758355,4312734,18.9100300026585,1.59115889619722,34009.9983215332,6.83041418732592
2019,YR2019,Nicaragua,NIC,88.0583267211914,12596636042.2321,1890.27306467363,..,..,..,58.76,1.79135634531167,26.9547225262672,15.8385959983937,3915722,55.3758018946319,1.38548472522896,5239.99977111816,0.786323459138814
2019,YR2019,Niger,NER,18.9745712280273,12916455161.1081,550.963555536013,..,..,..,16.517,4.32399204685123,32.3208712483649,5.33843799828805,3872145,18.507454803821,3.76544488542259,2150.00009536743,0.0917102782590997
2019,YR2019,Nigeria,NGA,55.4000015258789,448120015209.524,2204.18157415589,..,..,..,51.157,4.0501895683177,13.3682896483718,16.4712686230268,104004479,223.222648967357,2.44820069834557,115279.998779297,0.567031242867457
2019,YR2019,North Macedonia,MKD,100,12606338448.547,6070.38805358275,..,..,..,58.208,0.444732600494142,48.7880562738976,..,1208802,82.3431403647898,0.022971838409121,8300.00019073486,3.99673721344351
2019,YR2019,Northern Mariana Islands,MNP,100,1182000000,23707.3288138313,..,..,..,91.708,-0.792928826655006,..,..,45724,108.386956521739,-0.890563183033054,..,..
2019,YR2019,Norway,NOR,100,404941363636.364,75719.7528965342,29.2899303436279,99.188232421875,99.7143783569336,82.616,1.12148861779611,23.2391882881288,19.1992888418174,4418218,14.6479975020132,0.675061373245644,35950.0007629395,6.7222699848575
2019,YR2019,Oman,OMN,100,88060858257.4772,19132.1522739094,..,..,..,85.443,1.09866027064822,38.1828916865404,32.6246076274103,3932743,14.8716252019386,0.0350068045198641,76029.9987792969,16.5183208841499
2019,YR2019,Pakistan,PAK,74.1276931762695,320909489229.723,1437.16590678288,..,25.7791996002197,49.5546798706055,36.907,2.26311562302006,19.1011326894319,19.6000081148882,82410851,289.660232461602,1.6079813474837,190570.007324219,0.853451601070211
2019,YR2019,Palau,PLW,100,278900000,15567.0908684974,..,..,..,80.47,0.961813938160846,..,..,14417,38.9478260869565,0.290665380719677,250,13.9540075909801
2019,YR2019,Panama,PAN,95.8163299560547,66984400000,15826.0823544866,19.6298198699951,69.4722290039063,87.4964981079102,68.059,2.11786043713359,63.2396370363453,43.0402652596602,2880619,57.0575896468051,1.60228973055272,13340.0001525879,3.15177774263441
2019,YR2019,Papua New Guinea,PNG,59.6629753112793,24751344560.8856,2593.80465015989,..,..,..,13.25,2.87334569635217,29.6206279920815,..,1264379,21.0716027028221,2.26018781066996,7579.99992370605,0.794342262981161
2019,YR2019,Paraguay,PRY,99.6999969482422,37925338329.1494,5807.83879407975,13.9921102523804,52.6143417358398,76.3342437744141,61.879,1.81282175775756,81.1529642649878,50.2166453854854,4040715,16.436008054367,1.33657480808218,8210.00003814697,1.25726911931851
2019,YR2019,Peru,PER,95.5513610839844,228323495040.901,6955.80995882668,..,..,..,78.099,2.15586797421009,41.1716262764138,32.1546281643051,25635888,25.64442265625,1.90972560807882,56750,1.72887251525604
2019,YR2019,Philippines,PHL,95.6450805664063,376823278560.849,3413.84792378255,24.4117908477783,71.2324905395508,82.3941421508789,47.149,2.16977115658954,26.3220257613615,14.0276483218948,52043445,370.194197940772,1.65518369204871,145419.998168945,1.31743920046954
2019,YR2019,Poland,POL,100,596054591863.312,15699.9113500703,..,..,..,60.037,-0.0593988549139279,7.79145848443747,4.67775788397221,22793332,124.025595374212,-0.0244271070993493,295130.004882813,7.77364183861292
2019,YR2019,Portugal,PRT,100,239986922638.902,23330.817288932,20.7237701416016,57.9531211853027,92.8314971923828,65.764,0.868176935448447,43.4921765446235,41.3357309646856,6764658,112.288582794065,0.0237334946497115,44639.9993896484,4.33976842606964
2019,YR2019,Puerto Rico,PRI,100,105126400000,32916.866800639,..,..,..,93.576,0.00849952015032448,82.0260857257295,76.7567274760826,2988531,360.055693348365,0.0106465459574109,..,..
2019,YR2019,Qatar,QAT,100,175837550989.011,62637.2751084291,..,..,..,99.188,1.50674795331627,25.7142190171094,..,2784440,244.319843342037,1.45331728352711,91970.0012207031,32.7617749211246
2019,YR2019,Romania,ROU,100,251019278416.197,12958.0755553785,..,91.1620101928711,98.7381134033203,54.084,-0.367674303311632,17.2978579095734,9.35537337866143,10476962,84.1952712100139,-0.526814821936341,73949.9969482422,3.81743447683141
2019,YR2019,Russian Federation,RUS,100,1693113904262.89,11536.2509765625,..,..,..,74.587,0.15711497920048,11.5832960242302,23.3189549863077,107708298,8.81769599441163,-0.0495686654330689,1703589.96582031,11.7972029330523
2019,YR2019,Rwanda,RWA,40.3686065673828,10356327149.4262,806.879981050775,..,..,..,17.313,2.98169349983544,49.2679089593399,8.52975155176911,2222128,520.268666396433,2.39079436618151,1330.00004291534,0.10362268340321
2019,YR2019,Samoa,WSM,99.1999969482422,912944537.815126,4308.27275342784,..,..,..,18.056,0.0156825845220625,..,..,38262,76.2248201438849,1.04553544180183,300.000011920929,1.4157288026282
2019,YR2019,San Marino,SMR,100,1616188702.34405,47287.3983949924,..,..,..,97.368,0.20755944702433,..,..,33278,569.633333333333,0.0643896179357351,..,..
2019,YR2019,Sao Tome and Principe,STP,74.9672012329102,427425039.684339,1991.73826385183,..,..,..,73.598,2.61459509896556,..,..,157941,223.540625,1.52840326719874,150.000005960464,0.698978121801425
2019,YR2019,Saudi Arabia,SAU,100,803616264791.024,22430.238229402,..,..,..,84.065,2.54782890854645,23.4763302489598,45.4470301218382,30118272,16.6662923491294,2.28458901092139,523780.029296875,14.6195533262224
2019,YR2019,Senegal,SEN,70.4000015258789,23398811423.578,1462.35433280275,..,..,..,47.653,3.66974973175095,40.0934339446851,19.1057236518642,7624852,83.1079883654495,2.69763115886709,10619.9998855591,0.663717595132331
2019,YR2019,Serbia,SRB,99.8000030517578,51514222381.8428,7417.20364852201,15.5152702331543,91.7877426147461,98.5257797241211,56.26,-0.237549080779022,35.6687547618115,20.0672403453591,3907389,79.4104161902584,-0.536610017822353,45950.0007629395,6.61604693907974
2019,YR2019,Seychelles,SYC,100,1684373490.19831,17253.5056614424,..,..,..,57.119,1.63992935453116,..,..,55762,212.228260869565,0.887925293341637,610.000014305115,6.24839963436737
2019,YR2019,Sierra Leone,SLE,22.7000007629395,4076578542.56207,506.606894364098,..,..,..,42.484,3.34774527713255,34.1782956484704,14.5203053923857,3418614,111.482793017456,2.33284062492806,899.999976158142,0.111845310494787
2019,YR2019,Singapore,SGP,100,375472731271.075,65831.1894308765,32.3696517944336,82.1780471801758,88.5075988769531,100,1.14428330688929,100,100,5703569,7965.87849162011,1.14428330688929,47380.0010681152,8.30707949147546
2019,YR2019,Sint Maarten (Dutch part),SXM,100,..,..,..,..,..,100,1.72846502838339,..,..,41608,1223.76470588235,1.72846502838337,..,..
2019,YR2019,Slovak Republic,SVK,100,105720354988.541,19383.4810445228,22.8579196929932,99.0162200927734,99.7565383911133,53.729,0.140930440682143,14.7590531039677,..,2930459,113.43899750416,0.135328072840865,31079.9999237061,5.69841625532024
2019,YR2019,Slovenia,SVN,100,54331588482.3058,26016.078683914,21.5090999603271,98.171012878418,99.8007278442383,54.822,1.21011117651077,..,..,1144894,103.711934605987,0.696304046333357,13600.0003814697,6.51220937780615
2019,YR2019,Solomon Islands,SLB,69.8094177246094,1619154819.29185,2398.77275659429,..,..,..,24.21,4.28278376332073,..,..,163416,24.115505537692,2.36010120913781,360.000014305115,0.533338885447871
2019,YR2019,Somalia,SOM,49.2000007629395,6485000000,405.786763279583,..,..,..,45.554,4.92122036199492,29.9425655150512,13.6400355415392,7280121,25.4747027130424,3.63316490449428,689.999997615814,0.0431754611712322
2019,YR2019,South Africa,ZAF,85,388531954110.604,6688.78727128797,8.01776027679443,81.8046798706055,86.2785263061523,66.856,2.04726576560918,14.5105530801193,35.8708183776919,38834681,47.8835494481036,1.29507386292128,439640.014648438,7.5686401152277
2019,YR2019,South Sudan,SSD,6.70700693130493,..,..,..,..,..,19.899,1.93967992599927,18.5554846340587,..,2078981,16.5329482695868,0.502203354157719,1700.00004768372,0.162715772851441
2019,YR2019,Spain,ESP,100,1394320055129.41,29581.5185513299,..,..,..,80.565,1.0210350775988,17.2723698767855,25.6713903561393,37974181,94.3508089023978,0.717715637103499,239979.995727539,5.09135092007508
2019,YR2019,Sri Lanka,LKA,99.7585678100586,89014990791.9051,4082.69461963515,..,81.0301971435547,..,18.585,1.2001131645543,14.9591519236502,..,4052088,352.431694638296,0.611875945764341,23780.0006866455,1.09067562659476
2019,YR2019,St. Kitts and Nevis,KNA,100,1107840740.74074,23219.3314206225,..,..,..,30.799,-0.0272164388969961,..,..,14695,183.507692307692,-0.102646830627199,250,5.23977196512408
2019,YR2019,St. Lucia,LCA,99.5021820068359,2094201725.17451,11726.7697662964,..,46.8031387329102,..,18.754,0.794404405563528,..,..,33491,292.759016393443,0.389934037054534,540.000021457672,3.02380417765225
2019,YR2019,St. Martin (French part),MAF,100,..,..,..,..,..,..,..,..,..,..,662.42,-2.18305595098921,..,..
2019,YR2019,St. Vincent and the Grenadines,VCT,100,910149703.703704,8674.37100857481,..,..,..,52.614,0.453886037023658,..,..,55205,269.035897435897,-0.339668745500942,259.999990463257,2.47798397376441
2019,YR2019,Sudan,SDN,53.9625396728516,32338079165.2893,748.010925292969,..,..,..,34.936,3.73868977213874,37.5932528243003,13.1335787975845,15103564,23.1435187366167,2.89358996893094,20620.0008392334,0.476960503374967
2019,YR2019,Suriname,SUR,97.8254165649414,4016040575.08796,6690.04478601228,..,..,..,66.095,1.15619360483396,..,..,396769,3.84808333333333,1.10317898471941,2650.00009536743,4.41445224207094
2019,YR2019,Sweden,SWE,100,533879529188.454,51939.4297445291,25.07958984375,92.0146331787109,100,87.708,1.33004433880562,17.8365455754294,15.6440770289624,9015406,25.2376654802124,1.01372226345511,35000,3.4050379189887
2019,YR2019,Switzerland,CHE,100,721369112726.724,84121.9310304414,..,97.1908187866211,99.5933609008789,73.849,0.783765811954327,21.8402753049658,16.1288261141327,6332759,217.007629561978,0.713313668444329,37380.0010681152,4.35904146198319
2019,YR2019,Syrian Arab Republic,SYR,89.2692108154297,22443299775.342,1116.67924613649,..,..,..,54.821,5.08891498522441,21.3616242130422,27.3759393292481,11018062,109.449714099003,3.87953676012686,25709.9990844727,1.27921574292573
2019,YR2019,Tajikistan,TJK,99.6332092285156,8300784856.87904,889.02026237745,..,..,..,27.309,2.90530909497279,35.0541719839896,..,2549842,67.2743209164925,2.26242493497438,9420.00007629395,1.00888904890509
2019,YR2019,Tanzania,TZA,37.6596870422363,61136873692.3985,1052.02172851563,..,..,..,34.5,5.14263088058471,30.8300719789466,12.4080424195524,20656040,67.5915319485211,3.02174626028,12449.9998092651,0.207941598929037
2019,YR2019,Thailand,THA,99.9000015258789,544081056184.697,7630.03960991873,15.6279296875,49.5755195617676,71.2142715454102,50.692,1.72925235944288,28.633383748305,19.8726483678923,36147331,139.57557008358,0.252691237274251,267089.996337891,3.74559494087468
2019,YR2019,Timor-Leste,TLS,90.7986526489258,2028551627.60532,1584.26384378261,..,..,..,30.947,2.66220728193258,..,..,396257,86.1088096839274,1.46272712419968,620.000004768372,0.484209313350878
2019,YR2019,Togo,TGO,52.363109588623,7220395247.7424,875.932659234798,..,..,..,42.248,3.71241466988763,51.2645647920398,21.658251137255,3482542,151.555322669608,2.41162991553907,2369.99988555908,0.287513388244642
2019,YR2019,Tonga,TON,98.4000015258789,512057749.020644,4879.0173416227,..,..,..,23.107,-0.292343691213997,..,..,24251,145.765277777778,-0.18943275806294,159.999996423721,1.52452093285172
2019,YR2019,Trinidad and Tobago,TTO,100,23849557811.8957,15690.9630955493,..,..,..,53.187,1.01375782565234,67.3239586451564,..,808418,296.287524366472,1.00812051332522,17190.0005340576,11.3095456997461
2019,YR2019,Tunisia,TUN,100,41906113685.9324,3477.88377711232,..,..,..,69.254,1.41684656173721,27.8960414311859,19.319124723615,8344632,77.5573764160659,0.969662162376028,29909.9998474121,2.48229897962756
2019,YR2019,Turkiye,TUR,100,759937390496.669,9103.04337531894,..,66.0219192504883,91.03515625,75.63,1.45469084070824,23.7065746883477,36.9383456615465,63137198,108.469893325364,0.808683227368703,396839.996337891,4.75361752810222
2019,YR2019,Turkmenistan,TKM,99.9000015258789,45231428571.4286,7344.64823305792,..,..,..,52.048,2.40548949351414,25.8339692525022,..,3205334,13.1049730810972,1.52748266915759,72870.002746582,11.8325808805801
2019,YR2019,Turks and Caicos Islands,TCA,100,1197415000,27795.1485608171,..,..,..,93.36,4.04656758681758,..,..,40219,45.3473684210526,3.76787271375568,..,..
2019,YR2019,Tuvalu,TUV,99.6999969482422,54223149.1136601,4949.17388770172,..,..,..,63.215,2.16003727953707,..,..,6926,365.2,0.834063769243882,9.99999977648258,0.912741856195927
2019,YR2019,Uganda,UGA,41.2999992370605,35353060634.2022,823.138950454868,..,..,..,24.361,5.83418165218129,29.9889370222669,7.30560468349962,10462825,214.188509874327,3.39509056427404,5860.0001335144,0.136440643979205
2019,YR2019,Ukraine,UKR,100,153882982016.281,3661.45629882813,..,..,..,69.473,-0.356674336327923,9.64228118906253,12.2019290543956,30836427,76.6071850189852,-0.530994160113763,174729.995727539,3.93658353086744
2019,YR2019,United Arab Emirates,ARE,100,417989721734.494,45376.1708381558,46.6314582824707,84.1677169799805,92.9965362548828,86.789,1.08720440281233,35.4369423262021,64.2019997053733,7994705,129.705111236271,0.779087177439076,188860.000610352,20.5022832059804
2019,YR2019,United Kingdom,GBR,100,2857057847953.02,42747.080460496,..,..,..,83.652,0.868230886876796,16.4130611231022,26.9586881996074,55909924,276.263080229819,0.564131113399897,348920.013427734,5.22051448799294
2019,YR2019,United States,USA,100,21380976119000,65120.3946628653,..,..,..,82.459,0.701867775195684,6.9457372296384,46.4737333909952,270737596,35.8931756713915,0.455381285963537,4817720.21484375,14.6734106066885
2019,YR2019,Uruguay,URY,99.9000015258789,61231149880.5857,17859.9314960921,11.8412799835205,57.6345405578613,91.3179779052734,95.426,0.136356775420801,53.3287443368584,50.8894942231222,3271594,19.588669866301,0.0398806735871464,6489.99977111816,1.89300628108203
2019,YR2019,Uzbekistan,UZB,100,59907674027.4676,1784.00981608195,16.4321002960205,99.9171905517578,100,50.433,1.78728410777758,14.7047476029457,7.41604539559594,16935578,76.2228325634711,1.87647016682647,116709.999084473,3.47554445038462
2019,YR2019,Vanuatu,VUT,64.5901870727539,936526267.622513,3076.58988588361,..,..,..,25.394,2.83542240269294,..,..,77300,24.9716160787531,2.36207637358082,209.999993443489,0.689872647677064
2019,YR2019,"Venezuela, RB",VEN,99.9768142700195,..,..,..,..,..,88.24,-2.8687247520784,11.4826733344252,32.5530449853397,25564613,32.8458511422255,-2.90499574537726,112339.996337891,3.87757923272497
2019,YR2019,Vietnam,VNM,99.4000015258789,334365257436.758,3491.09127354876,10.2479000091553,65.3397903442383,88.6342315673828,36.628,2.85915028568362,23.8630742893552,17.4735381405226,35081096,305.577071681306,0.904491214904611,336489.990234375,3.51327550460568
2019,YR2019,Virgin Islands (U.S.),VIR,100,4117000000,38596.0307118282,..,..,..,95.832,-0.194483190622117,..,..,102223,304.768571428571,-0.310759832621892,..,..
2019,YR2019,West Bank and Gaza,PSE,100,17133500000,3656.85827137011,..,..,..,76.44,2.87351814806851,19.3587342326344,..,3581448,778.290033222591,2.51178246264674,..,..
2019,YR2019,"Yemen, Rep.",YEM,72.7510757446289,..,..,..,..,..,37.273,4.13361280897488,24.445277324343,9.11148811138385,11758398,59.7509157717295,2.42620792944992,11100.0003814697,0.351859419470324
2019,YR2019,Zambia,ZMB,43,23308667781.2258,1268.12094056241,..,..,..,44.072,4.2657281847367,32.6717110392705,14.3990768030666,8100644,24.7252142213374,3.00761810683645,6800.00019073486,0.369957765009845
2019,YR2019,Zimbabwe,ZWE,46.7814750671387,21832234925.5021,1421.86859641758,..,..,..,32.21,1.99235149035129,30.7601584319691,9.90784655655162,4945719,39.6913739175391,1.98925274777043,11760.0002288818,0.765893875563726
,,,,,,,,,,,,,,,,,,
,,,,,,,,,,,,,,,,,,
,,,,,,,,,,,,,,,,,,
Data from database: World Development Indicators,,,,,,,,,,,,,,,,,,
Last Updated: 03/30/2023,,,,,,,,,,,,,,,,,,
